"itemnumber","productname","group","KJ","protein","fat","carbohydrates","weight","weight_unit","food_list","datasource"
"00000000012753","Barre chocolat au lait praliné",NA,1607,29.2,13.7,32.5,"245","g",NA,"openfoodfacts"
"00000000000001","BreadAhead Doughnuts",NA,NA,NA,NA,NA,"1","pcs",NA,"openfoodfacts"
"00000000021477",NA,NA,NA,NA,NA,NA,"400","g",NA,"openfoodfacts"
"00000000274722","Blanquette de Volaille et son Riz","Meats and their products,Meals,Meals with meat,Poultry meals,Microwave meals,Turkey dishes",450,6.8,2.2,15.3,NA,NA,"riz précuit 40,4 % (eau, riz, huile de colza, sel), viande de dinde précuite 28,1 % (viande de dinde (origine france), eau, sirop de glucose, sel, stabilisant : e451i, amidon modifié de maïs), eau, carotte 4,7 %, _crème_ fraîche épaisse 3,2 % champignon de paris 2,5 %, oignon, amidon modifié de maïs, arôme naturel, extrait de vin blanc 0.2 % [_sulfites_], sel.","openfoodfacts"
"00000000274739","Raviolini au Fromage de chèvre et Pesto","Meals,Microwave meals",455,4.4,4.2,12.5,"300","g",NA,"openfoodfacts"
"00000000000469","Miel de bruyère","Breakfasts,Spreads,Sweet spreads,Bee products,Farming products,Sweeteners,Honeys,Heather honeys",NA,NA,NA,NA,"500","g",NA,"openfoodfacts"
"00000000491228","Entremets Crème Brulée","Dairies,Desserts,Dairy desserts,Dried products,Dried products to be rehydrated",1952.4,6.8,15.3,75.5,"20","g","sucre, poudre de _lait_, poudre au beurre (_lait_) (émulsifiant:e471), matière grasse végétale hydrogénée (coprah), jaune d'_œuf_ déshydraté 4 %, amidon de manioc, protéines de _lait_, gélifiant: carraghénanes e407, sirop de glucose, arôme, colorants e102 - e110.","openfoodfacts"
"00000000673358","Veggie Colin the Caterpillar",NA,1329,NA,NA,NA,"170","g","sugar, glucose syrup, modified potato starch, glucose-fructose syrup, acid: malic acid, citric acid, lactic acid, flavourings, acidity regulator: calcium carbonate - fruit, vegetable and plant concentrates (safflower, apple, lemon, pumpkin, carrot, red grape, blackcurrant), elderberry juice from concentrate, invert sugar syrup, spirulina concentrate","openfoodfacts"
"00000000000009","Test",NA,NA,NA,NA,NA,"1","pcs",NA,"openfoodfacts"
"00000001071894","Flute","Plant-based foods and beverages,Plant-based foods,Cereals and potatoes,Breads",NA,NA,NA,NA,NA,NA,"wheat","openfoodfacts"
"00000001471762","still Scottish water",NA,NA,NA,NA,NA,NA,NA,"water","openfoodfacts"
"00000001798180","Fairtrade Ground Cinnamon",NA,NA,NA,NA,NA,"45","g","cinnamon","openfoodfacts"
"00000000000017","Grünkohl",NA,NA,NA,NA,NA,"1","pcs","lait de chèvre* ferment &quot;produit issus de l'agriculture biologique","openfoodfacts"
"00000001938067","Chaussons tressés aux pommes","Snacks,Sweet snacks,Biscuits and cakes,Viennoiseries,Pastries,Apple turnovers",1090,3.33,10.7,38.7,"1200","kg","pâte (farine, margarines d'huile de palme et de canola, eau, sucre, sel, l-cystéine, essences). garniture: (pommes, eau, sucre, glucose-fructose, amidon de maïs modifié, acide citrique, cannelle, sel, chlorure de calcium, benzoate de sodium, sorbate de potassium, sulfites), sucre.","openfoodfacts"
"00000000000024","Croccante con pistacchi e miele","Plant-based foods and beverages,Plant-based foods,Fruits and vegetables based foods,Fruits based foods,Dried products,Dried plant-based foods,Dried fruits",644,5,8.8,12.7,"125","g","pommes séchées - dried apple* origine: autriche - origin: austria ce produit provient d'une fabrique où les noix, cacahuètes, sésame, blé et gluten sont utilisés. this producti 024","openfoodfacts"
"00000003075647","Coeurs chocolat tte couleur",NA,1966,4.1,15,76,NA,NA,"sucre, chocolat 40% (cacao min 70%) (sucre, pâte de cacao, poudre de cacao, beurre de cacao, émulsifiant: lécithine de soja, arôme), glucose, gomme arabique, sirop de glucose, arome,agents d'enrobage (shellac,cire de carnauba,cire d'abeille), concentré (patate douce, radis), colorants :e102/e110/e122/e124/ el 29/e131/ el 32/ el 331e 171. peut contenir des traces de fruits a coques colorants e102/e110/e122/e124/e12!) peuvent avoir des 'ets indésirables sur l'activité et l'attention chez les enfants. nutritionelles/10gg : valeurs energél:iques : 1974kj/","openfoodfacts"
"00000004302544","Pain Burger Artisan","fr:boulange",1160,10,1.11,53.3,"100812","kgpain","ingrédients : farine, eau, sel, levure, orge malté","openfoodfacts"
"00000000000432","Atol chuco",NA,1639,8.3333333333333,8.3333333333333,83.333333333333,"454","g",NA,"openfoodfacts"
"00000000005016","pesto","Condiments,Sauces,Pestos,Groceries",2318,8.2,53.2,11.7,"180","g","rucola à l'huile d'olive vierge extra* 39% (rucola* 52%, huile d'olive vierge extra* 41,5%, sel), _noix de cajou*_, huile d'olive vierge extra*, parmigiano reggiano a.o.p. * (_lait*_, sel, présure), ail*. (*ingrédients biologiques).","openfoodfacts"
"00000000005018","Crème d'Artichaut Bio","Spreads,Salted spreads,Artichoke spreads",1104,1.9,27.4,1.8,"180","g","artichauts* 70%, huile d'olive vierge extra*, sel, régulateur d'acidité : e330. (*ingrédients biologiques)","openfoodfacts"
"00000000000549",NA,NA,NA,NA,NA,NA,"350","g",NA,"openfoodfacts"
"00000000000055","Mangues séchées","Plant-based foods and beverages,Plant-based foods,Fruits and vegetables based foods,Fruits based foods,Dried products,Dried plant-based foods,Dried fruits,Dried mangoes",NA,NA,NA,NA,"250","g","ingrediënten mangues - mangos* origine: budi andbouw: burkina","openfoodfacts"
"00000000000062","Abricots","Plant-based foods and beverages,Plant-based foods,Fruits and vegetables based foods,Fruits based foods,Dried products,Fruits,Dried plant-based foods,Dried fruits,Dried apricots",NA,NA,NA,NA,"250","g","ingrediënten abricots - abrikozen* origine: turauie - landbouw: turkije e","openfoodfacts"
"00000007818707","A&w - Root Beer - 355ml","Beverages",201,0,0,13.3,NA,NA,"eau gazéifiée, sirop de mais riche en fructose (produit à partir de mats génétiquement modifié) e150a, colorant de conservateur benzoate sodium, exhausteur de goût colorants naturel et artificiel, 9 humectant : extrait de_auillaia.","openfoodfacts"
"00000000000079","Medjools",NA,349,2.0833333333333,0,21.527777777778,"7","oz",NA,"openfoodfacts"
"00000008237798","Quiche Lorraine","Meals,Pizzas pies and quiches,Quiches,Lorraine quiche",478,5.36,6.79,7.86,"1400","kg","ingrédients : garniture (substances laitières. jambon (porc. bouillon de legumes. sel. sucre, dextrose. nitrite de sodium. lactate de sodium, erythorbate de sodium. diâcetate de sodiumi, oeuf liquide entier. fromages cheduar et suisse [substances laitieres modifiees. sel. culture bacterienne. enzyme microbien. chlorure de calcium. natamycine. cellulose]. oignon. amidon de mais modifie. epices. sel. citrate de sodium. phosphate de sodium, carraghenine. gomme de caroube), croute (farine. shortening d'huile de palme et de canola. eau. dextrose. sel. levure. huile vegetale. l-cysteine. propionate de sodium), fromages cheddar et monterey (substances laitieres modifiees. culture bacterienne. sel. enzyme microbien. chlorure de calcium. cellulose. colorant. natamycine). persil seche. contient 2 oeuf. ble. lait.  peut contenirz poisson. mollusques. crustaces. noix  variees. sesame. moutarde. soya. sulfites.  ","openfoodfacts"
"00000000000084","Miel de Lavande","Breakfasts,Spreads,Sweet spreads,Bee products,Farming products,Sweeteners,Honeys,Lavender honeys",NA,NA,NA,NA,"500","g",NA,"openfoodfacts"
"00000000000086","Fèves de cacao","Plant-based foods and beverages,Plant-based foods,Nuts and their products,Nuts",NA,NA,NA,NA,"250","g","ingrediënten fêves de cacao - cacaobonen* origine : pérou - peru ce produit est produit dans une salle de production où les noix lon oroghidos des le","openfoodfacts"
"00000009125124","Compote de Pomme","Plant-based foods and beverages,Plant-based foods,Desserts,Fruits and vegetables based foods,Fruits based foods,Dried products,Dried products to be rehydrated,Compotes,Apple compotes",1577,1.5,0.5,93,"40","g","flocons de pommes 76 % (pomme, amidon de maïs, saccharose, émulsifiant : lécithine de tournesol), sucre.","openfoodfacts"
"00000009336247","Bonbons acidulés Raisin Fraise","Snacks,Sweet snacks,Confectioneries,Candies",1674,0,0,93.3,"467","g","dextrose, sucre, sirop de glucose, acidifiant : acide malique, arômes artificiels, agent d'enrobage : e903, colorants : e133, e132, e129, e102, e110.","openfoodfacts"
"00000010068175","Thé noir aromatisé violette et fleurs","Beverages",17,0.1,0.1,0.1,NA,NA,"thé noir aromatisé à la fleur de violette et parsemé de bleuets","openfoodfacts"
"00000000000100",NA,NA,NA,NA,NA,NA,NA,NA,"maisgrieß 66%; süßungsmittel (glukosesirup, zucker) 33%; säureregulator: zitronensäure; farbstoffe: kurkumin, betenrot, kupferhaltige komplexe der chlorophylle, aroma. kühi und trocken lagern.","openfoodfacts"
"00000010127735","Sirops pour ganache macarons","Syrups,fr:sirops-pour-ganache",NA,NA,NA,NA,"45","xcl","sirop saveur pistache 5 cl : sirop 99,16 % (sucre cristallisé, eau), arôme, acidifiant : acide citrique e330, denrée alimentaire colorante (concentrés de carthame, pomme), colorant : mélange d'additifs : e171, e211, e131. sirop saveur framboise 5 cl : sirop 93,98 % (sucre, eau), denrée alimentaire colorante (concentrés de patate douce, cerise, pomme, radis, carthame), arôme naturel, acidifiant : acide citrique e330, colorant : mélange d'additifs : e171, e211. sirop saveur citron 5 cl : sirop 98,86 % (sucre cristallisé, eau), arôme naturel, acidifiant : acide citrique e330, denrée alimentaire colorante (concentré de pomme, carthame), colorant : mélange d'additifs : e171, e211. sirop saveur violette 4 cl : sirop 88,40 % (sucre, eau), arôme, acidifiant : acide citrique e330, denrée alimentaire colorante (concentré de cassis, carotte, pomme), colorant : mélange d'additifs : e131, e211, e171.","openfoodfacts"
"00000010150917","Feutre alimentaire noir","Food decorations",NA,NA,NA,NA,NA,NA,"colorants e102, e122, e14,2 e102, e122.","openfoodfacts"
"00000010166352","Glaçage fondant",NA,1443,0,1,86,NA,NA,"sucre. sirop de glucose, eau stabilisant e471, acide citrique e330, conservateur e202.","openfoodfacts"
"00000010166697","Pâte d'Amandes","Snacks,Sweet snacks,Confectioneries,Marzipan,Almond paste",1732,4.2,10.29,77.02,NA,NA,"sucre (betterave), _amandes_ (20.1 %), sirop de glucose, stabilisants e422, e420(i) + e516, _amandes_ amères (1,2 %), colorants : e171 + e120, anti-agglomérants e339(ii), émulsifiants: e450(ii)+ e401.","openfoodfacts"
"00000001017027","HOME BARGAINS SALTED CARAMEL MUFFINS",NA,NA,NA,NA,NA,NA,NA,"wheat flour, (wheat flour, calcium carbonate, iron, niacin, thiamin), rapeseed oil, pasteurised whole egg, sugar, sea salted caramel filling (8%) (partially inverted sugar, lactose (milk), sea salt), caramel fudge pieces (3.5%) (sugar, sweetened condensed skimmed milk (condensed skimmed milk, sugar), glucose syrup, fondant (sugar, glucose syrup, water), coconut oil, stabilisers: pectins, sodium alginate: flavouring), cornflour, wheat starch, whey powder (milk), raising agents: potassium bicarbonate, diphosphates","openfoodfacts"
"00000010179413","Preparation mug cake chocolat-caramel au beurre salé",NA,1632,7,7,70,NA,NA,"farine de blé (gluten), sucre de canne, pépites de chocolat n ir à 50 % de cacao minimum 19,9 % (pâte de cacao, sucre de canne, beurre de cacao, émulsifiant : lécithine de soja), cacao biologique en poudre 7,9 0%, caramel tendre d'isigny au beurre salé 5,9 % (sirop de glucose, sucre, lait entier en salé isigny aop (lait), eau, sel de guérande, arôme naturel vanille, poudre à lever : bicarbonate de soude, émulsifiant : sucroesters d'acides gras), bicarbonate de soude, diphosphate dissodique. peut contenir des traces de fruits à coques moutjrde, sésame, gluten, lait, œuf, soja et sulfites.","openfoodfacts"
"00000010205679","Colorant alimentaire bleu velours en spray","Food additives,Food colorings",3012,0,80,0,NA,NA,"velours en s ray dessert, passé préalableme bien agiter avant emploi. l'on souhaite traiter à ure distance cz de cacao, colorants : e171, el)) des traces de lait, soja, fruits à : ne pas ingérer direce&lt; sin aler les vapeurs directeme,: viter l'emploi excessif utiliser sev zk. ne pas perforer ni brûler, lamer avers une flamme ou garder la bombe hors de la tfdernent s'il est complétement *f est possible.dans des ne pas' avaler tel quel. un endroit sec et frais, à te du soleil elauw in velours dessert dat net ult de d eq• - k.dden voor cjebrujk.","openfoodfacts"
"00000010206515","Pâte à Sucre","Snacks,Sweet snacks,Confectioneries,Cooking helpers,Pastry helpers,Fondants,fr:decorations",1720,0.03,6.42,87.86,"250","g","sucre (74 %), sirop de glucose, huiles et graisses végétales (palme, tournesol, illipé), sirop de sucre inverti, stabilisant : e420ii, eau, humectant : e422, épaississant : e415, émulsifiant : e471, acidifiant : e330, arôme, conservateur.","openfoodfacts"
"00000010211687","Stylo glaçage rose",NA,2427,3,38,58,NA,NA,"lëxl cfxxoe ' : a conserver daxqr :etsecàtennpvcnlre : sukeç oantaadoa rpxere melkpoed€vtk v k-ùnôe 022), zut tevatten- gœd en inv,am, î m•mten cv kan gxed'itüng. ops \arfmaxhmà","openfoodfacts"
"00000010216439","Pâte à sucre",NA,1644,0,4.8,87.1,"250","g",NA,"openfoodfacts"
"00000010217610","Décors sucrés",NA,1640,1.5,0,96.5,NA,NA,"ingrédients: sucre de canne (96%), blanc d'œuf, eau, stabilisant : e336, épaississant : e414, arôme naturel de vanille, carthame, colorants : e153, e133, e171, e132, e120.","openfoodfacts"
"00000010217627","Décros sucrés",NA,1640,1.5,0,96.5,NA,NA,"décors sucrés - sweet scenery - zo sucre de canne (96%)/ blanc d'œuf, eau, fr-lngrédients stabilisant : e336, épaississant : e414, arôme naturel de vanille, carthame, colorants : e153, e1331 e1711 e132, e120. conditions de conservation : a conserver dans un endroit frais et sec (+12/+200c), avec un niveau d'humidité de 65% maximum. en-lngredients : cane sugar (96%), egg white, water, stabiliser . e414 natural vanilla flavouring, safflower, e336, thickener colourings : e153, e133, e171, e132, e120. storage instructions : keep in a cool (+12/+200c) and dry place (65% maximum of humidity). nl-lngrediënten : rietsuiker (96%), eiwit, water, stabilisator : e336, thickener : e414, natuurlijke smaakstof vanille, saffloer, kleurstoffen : e153, e133, e171, e1321 e120. bewaartips : bewaar op een koele (+12/+200c) en droge plaats (vochtigheidsgraad 65% maximum). www.aiicedelice.com","openfoodfacts"
"00000010217702","Preparation biscuits cacao/noisette",NA,1803,3.6,24,49,NA,NA,"farine de riz, sucre, amidon de maïs, cacao (4.8%), farine de noisette arômes, émulsifiants esters polyglycériques d'acides gras, monooléate de polyoxyéthylène de sorbitane ; épaississants : gomme guar, carboxyméthylcellu- lose ; poudre à lever : carbonate de sodium; correcteur d'acidité . glucono-delta-lactine, sel. peut contenir des traces de lait œufs, soja et autres fruits à coque.","openfoodfacts"
"00000010218341","Chocolat lait noisette",NA,2460,7.52,40.92,45.32,NA,NA,"fr - chocolat lait (40% min. caéao) avec noisettes : beurre de cacao, lait enfer en poudre, sucre de cannet sucre, pâte de cacao, noisettes(4%), émulsifiant : lécithine de (e322), arôme naturel de noisette, arôme naturel de vanille, arôme naturel de nougat sel. peut contenir des fraces de glutenzsoja, conseils de conservation : a conserver entre 15 c et 200c, à l'abri de la chaleur et de l'humidité. plongez et mélangez la cuillère&ns une tasse de lait chaud.","openfoodfacts"
"00000010463031","Multigrain Ciabatta Buns",NA,NA,NA,NA,NA,"1","bun",NA,"openfoodfacts"
"00000000111111","blabblub",NA,464,12,222,222,"100","g",NA,"openfoodfacts"
"00000012167005","Brioches roulées avec raisins","Snacks,Sweet snacks,Biscuits and cakes,Pastries",536,7,6,50,"0900","kg","ingrédients ; brioche (farine, eau, raisins secs, beurre, sucre, levure, fécule de pomme de terre modifiée, œuf entier liquide, sel, poudre de lactosérum, gluten de blé, lait écrémé desséché , amidon de blé, acétate de calcium, phisphate de sodium, lécithine de colza, acide ascorbique, amylase, xylatase, b-carotène, arôme artificiel) . nappage :’ (eau, sucre, sirop de maïspectine, acide citrique, carraghénine, gomme de xanthane, sorbate de potassium, arôme artificiel, citrate de sodium, chlorure de calcium, mono et diglycérides, huile de canola, phosphate de sodium, colorant)i..","openfoodfacts"
"00000012269518","Chocolat noir amandes caramelisées",NA,2297,9,37,39,NA,NA,"dark chocolate 61% cocoa minimum (80%) (cocoa beans, sugar/ cocoa butter, emuls/fier[soya lecithin], natural vanilla extract), caramelized almonds (20%) (almonds (14%)/ sugar, water/ fleur de sel). déclaration nutritionelle pour 100g / nutrition declaration per 100g: energie/energy: 2286kj/","openfoodfacts"
"00000012345878","<U+0E40><U+0E25><U+0E47><U+0E1A><U+0E21><U+0E37><U+0E2D><U+0E19><U+0E32><U+0E07> (<U+0E15><U+0E35><U+0E19><U+0E44><U+0E01><U+0E48> )","Chicken-feet",NA,NA,NA,NA,"500","g","<U+0E15><U+0E35><U+0E19><U+0E44><U+0E01><U+0E48>","openfoodfacts"
"00000013631062","Hot Dog Relish",NA,NA,NA,NA,NA,"296","ml",NA,"openfoodfacts"
"00000000014521","Madagascar Bourbon Pure Vanilla Extract","Plant-based foods and beverages,Plant-based foods,Condiments,Spices,Food additives,Flavors,Vanilla,fr:Arômes pâtisserie,Vanilla extract",NA,NA,NA,NA,"8","floz",NA,"openfoodfacts"
"00000000000147","Pan","Plant-based foods and beverages,Plant-based foods,Cereals and potatoes,Cereals and their products,Pastas",1004,8.3,1.6,47,"500","g","pâtes à l'épeautre - rêve de neptune - spelt neptunes dream (500g e) ingrédients ingrediënten speltbloem*, tomaat*, spinazie*, biet&quot;, spirulina* farine d'épeautre *, tomates *, épinards *, betteraves *, spiruline *","openfoodfacts"
"00000000000154","Lende",NA,NA,NA,NA,NA,"1","pcs",NA,"openfoodfacts"
"00000000000171","classico expresso",NA,NA,NA,NA,NA,"250","g",NA,"openfoodfacts"
"00000000000172","Selezione Espresso",NA,NA,NA,NA,NA,"250","g",NA,"openfoodfacts"
"00000000000174","decaffeinato expresso",NA,NA,NA,NA,NA,"250","g",NA,"openfoodfacts"
"00000000000178","Dattes Mejdoul","Plant-based foods and beverages,Plant-based foods,Fruits and vegetables based foods,Fruits based foods,Dried products,Fruits,Dried plant-based foods,Dried fruits,Dates,Medjool dates",1335,2,0,73,"500","g","medjoul dates","openfoodfacts"
"00000020039127","Butter Croissants",NA,1523,7.79,16.88,44.16,NA,NA,"wheat flour, butter (cream), water, yeast, sugar, salt, eggs, wheat gluten, ascorbic acid, enzymes.","openfoodfacts"
"00000020043124","Oatmeal Raisin Cookie",NA,1778,3.54,17.7,61.95,NA,NA,"enriched flour (bleached wheat flour, niacin, reduced iron, thiamin mononitrate, riboflavin, folic acid), palm soy oil margarine (palm oil, soybean oil, water, salt, beta carotene [for color], vitamin a palmitate added), sugar, raisins, brown sugar, oats,","openfoodfacts"
"00000020043131","Sliced Plain Bagel","Plant-based foods and beverages,Plant-based foods,Cereals and potatoes,Breads,Special breads,Bagel breads",1527,12.94,1.18,71.76,NA,NA,"unbleached enriched flour (wheat flour, barley malt flour, niacin, reduced iron, thiamin mononitrate, riboflavin, folic acid), water, sugar, contains 2% or less of: wheat gluten, wheat flour, salt, yeast, distilled vinegar, cultured corn syrup solids, cul","openfoodfacts"
"00000020045616","Seasonal Cookie Platter",NA,1866,3.57,21.43,60.71,NA,NA,"enriched flour (bleached wheat flour, niacin, reduced iron, thiamin mononitrate, riboflavin, folic acid), palm soy oil margarine (palm oil, soybean oil, water, salt, beta carotene, vitamin a palmitate), unsalted butter (milk), semisweet chocolate chunks (","openfoodfacts"
"00000020045791","Muffin","Snacks,Sweet snacks,Biscuits and cakes,Cakes,Muffins",1749,5.88,21.76,51.76,NA,NA,"wheatflour, sugar, eggs, soybean oil, water, chocolate chips (sugar, chocolate liquor, cocoa butter, soy lecithin (an emulsifier), and vanilla), cocoa powder treated with alkali, dairy whey (milk), corn starch, leavening (potassium bicarbonate, calcium ac","openfoodfacts"
"00000020046255","Freshly Baked Italian Loaf",NA,941,7.14,0,42.86,NA,NA,"enriched wheatflour (wheat flour, niacin, reduced iron, thiamin mononitrate, riboflavin, folic acid), water, yeast, vegetable oil, salt, dough improver (yeast, wheatflour. enzymes, soybean oil, ascorbic acid).","openfoodfacts"
"00000020046576","Freshly Baked Apple Pie",NA,1155,1.63,13.82,39.02,NA,NA,"apples, sugar, unbleached enriched wheat flour (niacin, reduced iron, thiamin mononitrate, riboflavin, folic acid) palm oil, water, modified corn starch, cultured dextrose (maltodextrin, cultured dextrose), dextrose, salt, cinnamon, agar, carob bean gum.","openfoodfacts"
"00000020047818","Freshly Baked In Store Cherry Turnover",NA,1674,4.71,22.35,45.88,NA,NA,"pastry: unbleached wheat flour (wheat flour, malted barley flour, niacin, iron, thiamine mononitrate, riboflavin, folic acid), water, non hydrogenated palm oil, sugar, salt, ascorbic acid, beta carotene. filling: cherries, sugar, water, corn syrup, modifi","openfoodfacts"
"00000020047825","Apple Turnover","Snacks,Sweet snacks,Viennoiseries,Apple turnovers",1623,4.71,22.35,42.35,NA,NA,"pastry: unbleached wheat flour (wheat flour, malted barley flour, niacin, iron, thiamine mononitrate, riboflavin, folic acid), water, non hydrogenated palm oil, sugar, salt, ascorbic acid, beta carotene. filling: apples, sugar, water, corn syrup, modified","openfoodfacts"
"00000020048174","Pineapple Coconut Muffins",NA,1665,6.48,18.52,52.78,NA,NA,"sugar, wheat flour (wheat flour, malted barley flour), eggs, soybean oil, water, pineapple, coconut (contains sulfites), corn starch, leavening (sodium acid pyrophosphate, baking soda), natural flavor, soy flour, nonfat dry milk, sea salt, soy lecithin, x","openfoodfacts"
"00000020048358","Assorted Strudel Bite",NA,1569,1.79,21.43,48.21,NA,NA,"pastry dough [unbleached enriched wheat flour (wheat flour, malted barley flour, ascorbic acid, niacin, thiamin mononitrate, riboflavin, folic acid), water, shortening (palm oil, beta-carotene [for color]), sugar, salt], fruit filling [water, sugar, apple","openfoodfacts"
"00000020048556","Cornbread",NA,1632,6.78,18.64,50.85,NA,NA,"enriched wheat flour (wheat flour, malted barley flour, niacin, iron, thiamin mononitrate, riboflavin, folic acid), sugar, water, egg, soybean oil, cornmeal, corn starch, leavening (sodium acid pyrophosphate, sodium bicarbonate), nonfat milk powder, sea s","openfoodfacts"
"00000020179311","Al-Seedawi",NA,2686,30,50,18,"800","g","sesame juice","openfoodfacts"
"00000020424640","Belgische Pralinen","Snacks,Sweet snacks,Cocoa and its products,Confectioneries,Chocolate candies,Bonbons",2257,4.7,33.3,53.8,"250","g","zucker, kakaomasse, kakaobutter, _vollmilchpulver_, palmöl, karamellzubereitung (glukosesirup, palmöl, zucker, _vollmilchpulver_, wasser, emulgator: lecithine (_soja_), aroma, speisesalz), glukose-fruktose-sirup, _butterreinfett_, marzipan (zucker, _mandeln, dextrose, feuchthaltemittel: glycerin, sorbit), dextrose, _haselnusskerne_, stark entöltes kakaopulver, emulgator: lecithine (_soja_), glukosesirup, 0,15% spirituose, _mandeln_, _pisatazien_, aroma, _magermilchpulver_, kaffee","openfoodfacts"
"00000002044503","Belgian Choc Chip Waffle",NA,2117,8.24,22.35,68.24,NA,NA,"unbleached wheat flour, vegetable fat non hydrogenated, water, sugar, chocolate chips (sugar, chocolate liquor, cocoa butter, dextrose, soya lecithin), yeast, eggs, butter, soy flour, salt, vanilla.","openfoodfacts"
"00000002046231","Chocolate Scone",NA,2912,5.36,39.29,80.36,NA,NA,"enriched wheatflour (wheatflour, malted barley flour, niacin, iron, thiamin mononitrate, riboflavin, folic acid), unsalted butter, chocolate chips (sugar, chocolate liquor, cocoa butter, soy lecithin, vanilla), sour cream (cultured pasteurized milk, cream","openfoodfacts"
"00000000000208",NA,NA,NA,NA,NA,NA,"180","g",NA,"openfoodfacts"
"00000023709447","mini doony's chocolat x8","Snacks,Sweet snacks,Biscuits and cakes,Cakes,Doughnuts",NA,NA,NA,NA,"8","","farine: ble, soja huiles et graisses vegetales (palme, coprah, colza, karite, tournesol); eau; sucre dextrose; poudre de cacao degraissee (1, 5%); levure; lactoserum en poudre (lait) , sel poudre a lever : e450i, e500i; emulsifiant: e471, e481, e472e ; poudre de lait ecreme;aromes. produit dans une usine qui utilise soja, lait, oeufs, fruits a coque. allergènes: ble lait soja produit congelé, ne pas recongeler","openfoodfacts"
"00000000000239","Bun's",NA,NA,NA,NA,NA,"800","g",NA,"openfoodfacts"
"00000024089517","hrenovka za pecenje na žaru hofer",NA,NA,NA,NA,NA,NA,NA,"77","openfoodfacts"
"00000027533024","Luxury Christmas Pudding","Desserts,Puddings,Christmas Puddings",1284,3.9,7,54.2,"454","g","demerara sugar, sultanas (14%), raisins (9.4%), bread rusk [fortified wheat flour (_wheat flour_, calcium carbonate, iron, niacin (b3), thiamin (b1)], salt, yeast), cider, currants (7.7%), sherry (4.9%), palm oil, cognac (4.1%), glacé cherries (4.1%) [cherries, glucose-fructose syrup, colour (anthocyanins), acidity regulator (citric acid)], single cream (from _milk_), _walnuts_ (2.6%), _almonds_ (_nut_) (2.3%), fortified wheat flour (_wheat flour_, calcium carbonate, iron, niacin (b3), thramin (b1)]. brandy (1.5%), rum (1.5%), treacle, candied citrus peel [glucose syrup, orange peel, sugar, lemon peel, acidity regulator (citric acid)], _barley_ malt extract, mixed spice [coriander, cinnamon, cloves, fennel, ginger, nutmeg, cardamom], salt, lemon oil, orange oil","openfoodfacts"
"00000027533048","Luxury Christmas Pudding","Snacks,Desserts,Sweet snacks,Biscuits and cakes,Cakes,Puddings,Christmas Puddings",1284,3.9,7,54.2,"907","g","demerara sugar, sultanas (14%), raisins (9.4%), bread rusk [fortified wheat flour (_wheat flour_, calcium carbonate, iron, niacin (b3), thiamin (b1)], salt, yeast), cider, currants (7.7%), sherry (4.9%), palm oil, cognac (4.1%), glacé cherries (4.1%) [cherries, glucose-fructose syrup, colour (anthocyanins), acidity regulator (citric acid)], single cream (from _milk_), _walnuts_ (2.6%), _almonds_ (_nut_) (2.3%), fortified wheat flour (_wheat flour_, calcium carbonate, iron, niacin (b3), thramin (b1)]. brandy (1.5%), rum (1.5%), treacle, candied citrus peel [glucose syrup, orange peel, sugar, lemon peel, acidity regulator (citric acid)], _barley malt extract_, mixed spice [coriander, cinnamon, cloves, fennel, ginger, nutmeg, cardamom], salt, lemon oil, orange oil","openfoodfacts"
"00000000000303","Tisane nerf - sommeil","Plant-based foods and beverages,Beverages,Hot beverages,Plant-based beverages,Herbal teas,Herbal tea blends",NA,NA,NA,NA,"100","g","passiflore 20g, aubépine sf 20g, eschscholtzia 20g aspérule odorante 20g, mélilot 10g, oranger fe 10g","openfoodfacts"
"00000000000310","Miel crémeux","Breakfasts,Spreads,Sweet spreads,Bee products,Farming products,Sweeteners,Honeys,fr:Miels crémeux",NA,NA,NA,NA,"500","g",NA,"openfoodfacts"
"00000000000321","Noix du Brésil","Plant-based foods and beverages,Plant-based foods,Fruits and vegetables based foods,Fruits based foods,Nuts and their products,Dried products,Nuts,Dried plant-based foods,Dried fruits,Brazil nuts",NA,NA,NA,NA,"250","g","noix du brésil - brazil nuts* origine: bolivie - origin: bolivia ce produit provient d'une fabrique où les noix, i cacahuètes, sésame, blé et gluten sont utilisés. this product is produced in a production area where also nuts, peanuts, sesame, wheat and gluten are processed.. lot n°20190716 nutritional value for 100gr date de péro","openfoodfacts"
"00000034152010","Reese's sticks",NA,920,NA,35,23,"220","g","chocolat au lait (sucre, beurre de cacao, chocolat, lait,lactose [lait])","openfoodfacts"
"00000034311158","Thé vert s’enchaîne bio",NA,NA,NA,NA,NA,"100","gr",NA,"openfoodfacts"
"00000034440094","Reese's 2 Peanut Butter Cups",NA,2092,11.9,31,57.1,NA,NA,"chocolat au lait beurre cacao, lait éereme. grasse du lait, lactose, émulsifiants : lécithine de et sucre, dextroses dans an endroit sec et frais. se conserve jours après","openfoodfacts"
"00000040018478","Lapin en morceaux",NA,NA,NA,NA,NA,"1875","g",NA,"openfoodfacts"
"00000040122250","37CL Cornichons Aigre Doux Kuhne",NA,126,0.9,0.2,4.9,NA,NA,"•nichons ('ttc paysanne igres-doux deux fois kuhne leur et leur croquant' ils sont préparés sclon la g 3 kijhnc, on n'y résiste pas ! cornichons pasteurisés cornichons, cou, vinaigre. couvcrdc, après ouvcrtorc, conscrvcr ct consommer rapidement' •","openfoodfacts"
"00000040144078","M&M's Peanut Butter","Snacks,Sweet snacks,Cocoa and its products,Confectioneries,Chocolate candies,Bonbons,Chocolate covered nuts,Chocolate covered peanuts",2360,0,30.5,51.6,"462","g","sucre, _arachide_, pâte de cacao, lait écrémé en poudre, _lactose_ et protéine de _lait_, matières grasses végétales, beurre de cacao, _beurre_ concentré, amidon, sirop de glucose, iécithine de _soja_, gomme arabique, colorant, arôme, sel, huile végétale.","openfoodfacts"
"00000040608754","Pepsi, Nouveau goût !","Beverages,Carbonated drinks,Sodas,Colas,Sweetened beverages",177,0,0,10.4,"15","cl","eau gazéifiée, sucre, colorant caramel e150d, acidifiant : acide phosphorique, arômes (dont : extraits naturels de végétaux, caféine)","openfoodfacts"
"00000050157846","Heinz Squeeze Sauce Salade Cream","Condiments,Sauces,Groceries",1226,1.3,23.8,18.5,"425","g","vinaigre d'alcool, eau, huile de pépins de raisin 22%, sucre, farine de maïs, _moutarde_, jaune d’_œuf_ pasteurisé 3%, sel, colorant : riboflavine.","openfoodfacts"
"00000050172474","Ginger Extra Jam",NA,1113,0.1,0,65.9,NA,NA,"gluc?e-fructose syrup civ, gerng aaent. pectin acid gtri acidity kegulator: sodium citrates prepared with 25g of fruit per 1009 total sugar content 66g per 100g. nutrition information","openfoodfacts"
"00000050183364","Fine Cut Marmelade - L. Roses & Co LTD - 454G",NA,1088,0.2,0,64.8,NA,NA,"marmelade de citrons et de citrons verts - 454g inqrédlents: sirop de glucose-fructose, citrons (10%), citrons verts (10%), sucre gélifiant: pectine, acide citrique, correcteur : dacidité. citrates de sodium colorants. complexes cuivre - chlorophyllines, lutéine préparé avec 20g de fruits pour 100g de marmelade condltlons de conservation et diutilisation","openfoodfacts"
"00000050214211","Duerr's Marmelade Morceaux Fins Orange",NA,1247,0.5,0.1,71.9,NA,NA,"sucre, orahges agent ',l'lfiant : egulateur citrique, citrate de .mdiurn ; huile dorange douce. proté ttnsommer de preiçtt1ite avant l&quot; voir sir te a endroit frais et x, à l'abri de la lumière. auès ouverture : a au refrigerateur et à conmmmer dans les 6 emaines qui 100g) : energie : 1265kj/2%kcal, matière gras : o.lg dont %turees? glucides : 71.9g dont wcre 67.4g ; fibre 3.9g ; protéine : 0.6g , : convient aux végetar'lens vegans et coeliaques produit gluten olttrlbué par ?.ijs ndukmabke","openfoodfacts"
"00000050413201","Naturally Flavored Beverage Enhancer With Other Natural Flavors",NA,0,0,0,0,NA,NA,"apple juice from concentrate (43%), water, black carrot juice extract and grape skin extract (colors), citric acid, blackcurrant juice from concentrate (5%), sodium citrate, contains 2% or less of: sucralose, natural flavor, potassium sorbate and sodium m","openfoodfacts"
"00000050457540","Heinz Burger Sauce 220Ml","Condiments,Sauces,Burger sauces,Groceries",1707,1.7,37,17,NA,NA,"burger sauce sewi su 'on","openfoodfacts"
"00000050824939","Pot 100G Moutarde Anglaise Colman",NA,816,6.8,12,13,"100","g",NA,"openfoodfacts"
"00000050985098","HALLS Extra Strong",NA,1640,NA,NA,NA,"34","g","sugar, glucose syrup, flavourings, acids (lactic, citric), acidity regulators (e325, e332)","openfoodfacts"
"00000054491472","Coca Cola",NA,180,NA,NA,NA,"500","ml","carbonated water, sugar, colour (caramel e150d), phosphoric acid, natural flavourings including caffeine","openfoodfacts"
"00000054491496","Diet Coke",NA,1,NA,NA,NA,"500","ml","carbonated water, caramel e150d, aspartame acesulfame k, natural flavoiring including caffeine, phosphoric acid, citric acid, ","openfoodfacts"
"00000054492790","Blle Pet 50CL Coca Cola Cherry","Beverages,Sweetened beverages",180,0,0.1,10.7,NA,NA,"eau azéifiée ; sucre : colorant : acidifiant : e338 ; arômes naturels (dont extraits végétau et caféine). a consommer de préférence avant le : voir","openfoodfacts"
"00000000000550","Krautsalat","Plant-based foods and beverages,Plant-based foods,Fruits and vegetables based foods,Fruits based foods,Dried products,Dried plant-based foods,Dried fruits,Dried figs",NA,NA,NA,NA,"400","g","figs* origine: turquie - origin: turkey ce produit provvient d'une fabrique où les noix, cacahuètes, sésame, blé et gluten sont utilisés. this product is produ ion area where also otion","openfoodfacts"
"00000000000570","Mix Energie Superfood","Plant-based foods and beverages,Plant-based foods,Fruits and vegetables based foods,Fruits based foods,Dried products,Dried plant-based foods,Dried fruits,Dried mixed fruits",NA,NA,NA,NA,"500","g","abricots , figues , mûres , graines de tournesol *, graines de citrouille *, noix mélangées (amandes brunes, noix du brésil *, amandes blanches , noix de cajou *, noix *, noisettes *), canneberges *, jus de pomme *, huile de tournesol * ), dadelstuk dadeistukjes * (dates *, farine de riz *), incabesse *, baies de goji * apricots *, figs *, blackberries *, sunflower seeds *, pumpkin seeds * mixed nuts * (brown almonds , brazil nuts*, white almonds *, cashews *, nuts *, hazelnuts *), cranberries *, apple juice sunflower oil *), dadelstuk dadelstukjes * (dates*, rice flour *), incabesse , goji berries *","openfoodfacts"
"00000000000636","Flocons quatre graines","Plant-based foods and beverages,Plant-based foods,Breakfasts,Cereals and potatoes,Cereals and their products,Breakfast cereals,Flakes,Cereal flakes,Rolled flakes,Blend of rolled cereal flakes",1498,13,3.5,72.2,"500","g","oat flakes *, barley flakes *, rye flakes *, wheat flakes * (*issu de l'agricult","openfoodfacts"
"00000000000680","Lomo ibérico de bellota",NA,NA,NA,NA,NA,NA,NA,"enriched wheat flour (flour, malted alue barley flour, reduced iron, niacin, thiamin mononitrate owvitamin b1), riboflavin (vitamin b2), folic acidj, water, in whole wheat flour, sugar, yeast, wheat gluten, cellulose fiber, calcium sulfate, salt, soybean oil, preservatives (calcium propionate, sorbic acid), soy flour, monoglycerides, datem, citric acid, soy lecithin, vitamin d3, potassium iodate, grain vine - gar, monocalcium phosphate. contains wheat, soy. r17-212-202308 79423","openfoodfacts"
"00000069004681","Seelachsfilet (Köhler)",NA,339,18.3,0.9,0.1,"950","g","nom scientifique : pollachius virens, pêché en : atlantique nord-est (islande), catégorie d'engin de pêche : chaluts •","openfoodfacts"
"00000069005138","Pavés de saumon, nature","Seafood,Fishes,Fatty fishes,Salmons,Salmon steaks",703,18.9,10.3,0,NA,NA,"filet de saumon","openfoodfacts"
"00000069006562","Galette de Pommes de Terre","Plant-based foods and beverages,Plant-based foods,Cereals and potatoes,Frozen foods,Meals,Prepared vegetables,Potato preparations,Frozen ready-made meals,Rostis",573,2.2,3.1,24,NA,NA,"pomme de terre 83 %, amidon de pomme de terre, huile de palme, _œuf_, épices (oignon, curcuma), farine de riz, sel, farine de _blé_, dextrose.","openfoodfacts"
"00000069006869","Knuper crusties",NA,841,2.5,10,24,NA,NA,"pomme de terre 81%, huile de tournesol, amidon modifié (maïs, tapioca), épices (oignon, paprika, ail, poivre, piment), sel, sucre, tomate en poudre, farine de riz, extrait dtépices (paprika, coriandre), persil traces de blé, lait, œuf, céleri, soja).","openfoodfacts"
"00000069013508","Chicken Chips","Meats and their products,Frozen foods,Meals,Meats,Chicken and its products,Meat preparations,Poultries,Breaded products,Chickens,Cooked poultries,Chicken preparations,Cooked chicken,Frozen ready-made meals,Poultry nuggets,Breaded chicken,Chicken nuggets",828,15.3,7.2,17.6,"750","ge","filet de poulet 64 %, maïs, eau, huile de colza, amidon modifié de _blé_, sel, farine de _blé_, sucre, dextrose, extrait de malt d'_orge_, extrait de poivre.","openfoodfacts"
"00000069015908","Dorade-sébaste meunière",NA,452,11.8,2.5,9.3,NA,NA,"filets de dorade-sébaste 73%, farine de blé, eau, poudre de riz, œuf entier en poudre, amidon modifié (blé, maïs), sel, persil, sucre, poivre, levure, acidifiant (acide citrique).","openfoodfacts"
"00000069028045","Lasagnes aux saumon et aux épinards","Frozen foods,Meals,Meals with fish,Pasta dishes,Prepared lasagne,Lasagne-with-fish,Meals with salmon,Frozen ready-made meals,Salmon lasagne",527,6.5,6.3,10.5,"500","g","0 0 0 0 69 0 28 04 5 ingredienten: saus 54% (water, room, volle melkpoeder, gemodificeerd nl maïszetmeel, tarwebloem, uien, witte wijn, visbouillon (visfond (kabeljauw - extract, koolvisextract), maltodextrine, dextrose, zout, plantaardige olien (koolzaad, zonnebloem), uienextract, kruidenextracten (laurier, tijm), witte peper), tomatenconcentraat, zonnebloemolie, zout, kreeftenbouillon (kreeftenextract, zout), specerijen (zwarte peper, paprika)), spinazie-roomsaus 18% (spinazie 75%, water, room, zonnebloemolie, volle melkpoeder, gemodificeerd maïszetmeel, zout, witte peper), atlantische zalm 14%, lasagne 10% (harde tarwegriesmeel, water, eieren), emmentalkaas 3% (melk, zout, zuursel, microbieel stremsel). (sporen noten, soja, aardnoten, selderij, mosterd sesamzaad, weekdieren). o lasagne al salmone lasaña con salmón con spinaci y espinacas lasagne con una grande porzione lasaña con delicioso salmón, inacas","openfoodfacts"
"00000069062063","Crêpes jambon fromage","Dairies,Fermented foods,Fermented milk products,Cheeses,Meals,Crêpes and galettes,Crêpes,Filled crêpes,Savoury filled crêpes,Crepe filled with cheese,fr:Crêpes au jambon",678,8.2,6.6,17,NA,NA,"garniture sauce béchamel 60% (eau, jam - bon cuit supérieur 24% (jambon de porc, sel, sirop de glucose, dextrose, antioxydant (ascorbate de sodium), conservateur (nitrite de sodium)), farine de blé, lait écrémé en poudre, huile de tournesol, emmental 4% (lait, sel, ferments, coagulant), crème fraîche, comté 0,6% (lait, ferments, sel, présure), sel, poivre blanc, muscade), pâte 40% (eau, farine de blé, oeuf, lait écrémé en poudre, huile de tournesol, dextrose, sel, sucre). viande de porc : origine : france. (traces de céleri).","openfoodfacts"
"00000069066153","Pomme dauphine","Chips and fries,fr:Pommes dauphines",1163,5.9,17,24,NA,NA,"pommes de terre 3196, œufs 20%, eau, beurre 8,5%, farine de blé, huile de tournesol, flocons de pommes de terre (pomme de terre déshydratée, émulsifiant (mono - et diglycérides d'acides gras), extrait d'épice (curcuma)), poudre de lait entier, poudres à lever (pyrophosphate de soude, bicarbonate de soude), sel, amidon de blé, poivre gris, muscade. (traces de mollusques, poisson, crustacés, fruits à coque, céleri, soja, moutarde).","openfoodfacts"
"00000069067570","Soupe au potiron et éclats de châtaignes",NA,213,1.6,2.5,4.1,NA,NA,"potiron 39%, eau, lait demi-écrémé 13%, châtaigne 890, came pomme de terre 5% (pomme de terre, sel), oignon 2%, beurre, sel, amidon modifié hais, riz, manioc), extrait de poivre.","openfoodfacts"
"00000069118821","Petits pains complets aux graines",NA,1142,10.5,9.5,32.3,NA,NA,"e essiccato (farina integrate dei in (gomma di guar, difosfati), e e col•-p), destrosio, zucchero, farina di frumento maltato, agent\ soia). édients : varine de blé complète, eau, graines de tournesol 6%, graines de sésame 6%, de lité, gluten de blé, farine de blé complète, sel iodé (sel, iodate de potassium), huile de e seigle complet séché (farine de seigle complète, eau, cultures de levain), leva\n de lète, ea j, cultures de levain), extrait de malt d'orge, farine d'orge maltée grillée, stabilisants (gomme (esters monoacétyltartriques et diacéty!€artriques des mono- et diglycérides d'acides gras, de ne de blé malté, agent de traitement de tafarine (acide ascorbique). (traces fruits coque, :dkènten: votkorentarwebloem, water, zonnebloempitten 6%, sesamzaad 6%, lijnzaad 6%, gist, roggemoutvic gro gemalen volkorentarwebloem, gejodeerd zout (zout, kaliumjodaat), zonnebloemolie, roggemeeuyogl roggevolkorenzuurdesem (roggevolkorenmeel, water, zuurdesemculturen), gedroog tarwevolkorenzuurdeser tanvemeel, water, zuurdesemculturen), geroosterd gerstemoutmeel, stabilisatoren (guarpitmeel, dlfosfaten), diglyceriden van vetzuren veresterd met monoacetyl- en diacetylwijnsteenzuur, koolzaadlecithinen), dextrc rtmeel, meelverbeteraar (ascorbinezuur). (sporen eieren, noten, soja). dientes• harina de trigo integral, agua, pipas de girasol 6%, sésamo 6%, semillas de lino 6%, levadura, co luten de trigo, harina de trigo integral, sal yodada (sal, yodato de potasio), aceite de girasol, harina de ceri a madre de centeno integral en seco (harina de centeno 'integral, agua, culturas de masa madre), masa me (harin•a de trigo integral, agua, culturas de masa madre), extrados de malta de de malta stabilizantes (goma guar, difosfatos), emulgerttes (ésteres y diacetil tartéricos de mono- y litinas de canota), dextrosa, azücar, harina de trigo malteada, agente de tratamiento de la harina (âcido pro stück / % assunzioni di riferime frutos de céscara, soja). pro / per pezzo / % de l'apport de référe per / par pièce / 0% van de referentie-in","openfoodfacts"
"00000069160028","Big Choco Framboise","Desserts,Frozen foods,Frozen desserts",1364,3.5,20.3,31,NA,NA,"chocolat noir 28 % (pâte de cacao, sucre, beurre de cacao, _beurre_ déshydraté, _lait_ entier en poudre, émulsifiant (lécithine de _soja_), arôme naturel de vanille), _lait_ écrémé, _crème_, jus de framboises à base de concentré 11 %, sauce framboise 9 % (purée de framboise, sucre, sirop de glucose, sirop de sucre inverti, stabilisant (agar-agar), émulsifiant (pectine), arôme naturel, acidifiant (acide citrique), sucre, biscuit 5 % (farine de _blé_, huile de tournesol, sucre, _œuf_, poudres à lever (bicarbonate de sodium), sel, poudre de _lait_ écrémé, sirop de glucose-fructose, gousse de vanille bourbon broyée), sirop de glucose-fructose, poudre de _lait_ écrémé, arôme naturel, émulsifiant (mono- et diglycérides d'acides gras), concentré de jus de betterave rouge, acidifiant (acide citrique), stabilisants (farine de graines de caroube, gomme guar).","openfoodfacts"
"00000069161018","Tarte saumon épinards",NA,992,7.3,14,20,NA,NA,"garniture 69% (crème fraiche 15%, eau, fromage 10%, œuf, épinard 9%, saumon emmental (lait de vache, sel, ferments lactiques, enzyme coagu- lante), fromage (lait de vache, sel, présure), amidon modifié de maïs, sel, extrait de po\vre, muscade), pâte 31% (farine de blé, beurre 8%, eau, sel). (traces de mollusques, crustacés, céleri, moutarde).","openfoodfacts"
"00000069161278","Taboulé de petit épeautre",NA,649,5.4,8,13.2,NA,NA,"petit épeautre 55% (contient gluten), carotte orange 14%, carotte jaune 10%, fève de soja 9%, huile d'olive 5%, eau, basilic 1%, jus de citron 1%, menthe 0,8%, modifié de pomme de terre, sirop de glucose, xan*nane, alginate de sodium).","openfoodfacts"
"00000069161292","Panier noix de saint Jacques",NA,1067,6.8,16,19,NA,NA,"garniture 50% (noix de saint-jacques?? 15%, eau, crème fraîche 6%, oignon, échalote, poireau, carotte, vin blanc 2%, amidon modifié de maïs, beurre, jaune d'œuf pasteurisé, ail, sel de mer, persil 0,1%, poivre blanc), pâte feuilletée (farine de blé, beurre 15%, eau, jaune d'œuf pasteurisé, sel de mer). (traces de crustacés, poisson, soja, fruits à coque, céleri, moutarde, graines de sésame).","openfoodfacts"
"00000069161506","Food balls italia",NA,1255,12.2,16.5,24.6,NA,NA,"cd ingrédient q pâte (farine de blé, eau, huile de tourner.ot, graie:.e de palme, persil, sucre, levure, poudres (cvc:r (diphoe»phatceu, carbonatee. de sodium), améliorant (farine de blé, émulsifiants (mono- et digty- cérides diacides gras, c%tcrs diacéthy(tartriquc der. rnono- et digtycérides d'acides gras), agent de traitement dc ta farine (acide ascorbique), huile de tournesol)), farce (mozzarctla 39% (15% du produit fini) (lait, set, présure microbienne, ferments lactiques), tomates 19% (7% du produit fini), concentré de tomates 12% (4% du produit fini), fromage à ractettc 11% (4z du produit fie ni), (lait, sel, ferments lactiques, présure), eau, fromage frais 6% (2% du produit fini), (tait, crème, ferments lactiques, présure microbienne), basilic, ait, bouillon en poudre (set, maltodcxtrine, sucre, oignon, panais, ail, extraits d'épices (curcu- ma, noix de muscade)), amidon modifié de maïs, plantes aromatiques et épices (poivre noir, poivre de cayenne, origan, marjolaine), farine de blé, épaississant (gomme xanthane)). (traces de soja, œuf, céleri, graine de sésame).","openfoodfacts"
"00000069162015","Poelee du dauphine",NA,544,6.3,7.4,9.4,NA,NA,"ravioles du dauphiné igp label rouge 20% (farine de blé, fromage blanc (lait de vache, ferments, sel, chlorure de calcium, présure), comté (lait de vache, présure, sel, ferments), emmental (lait de vache, présure, sel, ferments), eau, œuf, persil, sel, huile de tournesol, beurre), courgette grillée 2070' eau, tomate 1496, crème, émincé de poulet cuit 10% (aiguillette de poulet 896. eau' amidon de tapioca, dextrose, sel), oignon préfrit (oignon, huile de tournesol)' concentré de tomate 0$6%, basilic, huile de tournesol, amidon modifié de pomme de terre, sel, épaississant (gomme xanthane), poivre noir, (traces de poisson, crustacés).","openfoodfacts"
"00000069162176","Quenelles de brochet sauce Nantua","Meals,Meals with fish,fr:Quenelles,Fish quenelles,Pike quenelles",586,4.6,11,5.1,NA,NA,"ingredientes: quenelles de lucio 43% (huevo, agua, harina de tngo tierno carne de lucio 13%' aceite de colza, lactosa y proteina léctea, sal), salsa nantua' 56% (agua, nata, salsa de tomate, crustéceos, caldo de mariscos (langosta, cangrejos, jugo de cocción de crustéceos (cangrejos, langosta, camaron boreal), sal), concentrado de tomates, almidon modificado de patatas, vino blanco, aceite de girasol, sal, cognac, azücar, espesante (goma xantana), pimienta negra).","openfoodfacts"
"00000069168048","Tarte aux abricots","Sweet pies,Fruit tarts,Pies,Tartlets,Apricot pies,Biscuit-with-fruit-covering",1029,3.3,8,40,NA,NA,"oreillons d'abricots au sirop 57% (abricots, eau, sucre), farine de blé, sucre, beurre 8%, nappage (eau, sirop de glucose, sucre, gélifiant (pectines), acidifiant (acide citrique), correcteur d'acidité (citrates de sodium), stabilisant (chlorure de calcium)), oeuf entier liquide, eau, crème pâtissière (sucre, amidon modifié de pomme de terre, lactosérum, lait entier en poudre, arôme naturel de vanille, extraits végétaux colorants (carotte)), amandes en poudre 0,2% , poudres à lever (diphosphates, carbonates de sodium, amidon de blé), blanc d'oeuf, sel.","openfoodfacts"
"00000000000720","Pommes cannelle séchées","Plant-based foods and beverages,Plant-based foods,Fruits and vegetables based foods,Fruits based foods,Dried products,Dried plant-based foods,Dried fruits",1222,2,0.5,65,"100","g","pommes*, canneile* - apple*, cinnamon*","openfoodfacts"
"00000073013471","Chicken Nachos","Snacks,Salty snacks,Appetizers,Chips and fries,Crisps,Corn chips",1025,13.9,10.9,22.4,NA,NA,"chicken nachos 83% (morceaux de filet de poulet mariné 71% (morceaux de filet de poulet 92%, eau, sel, dextrose, épices (paprika, piment, cumin, poivre, coriandre, curcuma, fenugrec, tomate en poudre, ail en poudre, oignons en poudre), amidon de pomme de terre, sucre, jus de citron en poudre, extraits d'épices (paprika, piment, gingembre, quatre-épices, origan, céleri)), panure (nachos (chips à base de farine de mais) (farine de mais, huile de tournesol), farine de blé, amidon modifié de blé, eau, sel, levure, paprika en poudre), huile de colza), sauce au fromage cheddar 8% (eau, fromage frais double crème (crème, lait écrémé, sel), huile de tournesol, poivrons rouges fromage cheddar, 5%, oignon, sucre, poivrons verts, vinaigre d'alcool) amidon modifié de maïs, sel, piment jalapeho vert, purée de tomate, ail en poudre, acidifiant (acide citrique), extrait de paprika, stabilisant (gomme xanthane)), sauce mexicaine 8%, tomate, oignon, poivrons verts, sucre, purée de tomate, vinaigre d'alcool, poivrons rouges, épices (piment, feuilles de coriandre, cumin, coriandre, origan, quatre-épices), purée d'ail, sel, amidon modifié de maïs, jus de citron à base de concentré, stabilisant (gomme xanthane)). (traces de soja, moutarde, œuf).","openfoodfacts"
"00000075001629","Sol",NA,NA,NA,NA,NA,"33","cl","malted barley, water, hops, yeast","openfoodfacts"
"00000000000758","Cauliflower","Plant-based foods and beverages,Plant-based foods,Fruits and vegetables based foods,Vegetables based foods,Fresh foods,Fresh plant-based foods,Leaf vegetables,Fresh vegetables,Cauliflowers",144,3.6,0.9,2.9,"1","","cauliflower","openfoodfacts"
"00000079811132","B. slim",NA,0,0,0,0,NA,NA,"malva vertice!fata (mauve frisée)","openfoodfacts"
"00000080135876","Nutella",NA,2278,NA,NA,NA,"400","g","nuts, cocoa, milk powder","openfoodfacts"
"00000080422235","Bresaola",NA,8,34,2,0.5,NA,NA,"viande de boeuf, sel, arômes naturels, conservateurs (e250, emballé sous atmosphère protectrice 70g e valeur s nutriti0nnelles moyennes pour 100g 652kj•","openfoodfacts"
"00000000000827","Petit hoppelli noir","Plant-based foods and beverages,Plant-based foods,Cereals and potatoes,Seeds,Cereals and their products,Cereal grains,Quinoa",2280,6.1,32,57,"500","g","ingrediënten quinoa* - quinoa *","openfoodfacts"
"00000084154071","Salsa de mostaza","Condiments,Sauces,Mustards,Groceries",320,3.6,3.5,7.5,"300","gneto","agua, vinagre, _mostaza_, azúcares, sal, especias y extracto de especias.  ","openfoodfacts"
"00000087111910","Marmite Original Pate A Tartiner 125G","Plant-based foods and beverages,Plant-based foods,Spreads,Plant-based spreads,Salted spreads,Yeast extract spreads",1088,34,0.5,30,NA,NA,"40 ivlarmite original - extrait de levu\e ,édientg: extrait de levure, acl. extrait de végétaux,niacine flamine (vitamine bi). d'épices (céleri). riboflavine acide folique (vitamino b9), vitamino b12. tonditions de congervation d'utiligatlon: a consommer de préférence avril 2018 n' lot l6281a17s5 a conget-vor dang un t*ndroit frais et aec, déclaration nutritionnelle (pour 100ml) : valeur éneraétlque,: 110010-250kc! xipldeg: 0,1g dont acides qrag gaturég: tracec iglucideg. 24q dont 395 fibreg. sel: 9,8g/thiamine: : 0 28mg (500% rda')/ niacine: ue: (1250% vitamine b12: o.015mg = apporte journaliers recommandé'. 000 04370","openfoodfacts"
"00000087157215","Tomato Ketchup Heinz Ouverture En Bas","Condiments,Sauces,Tomato sauces,Ketchup,Groceries",427,1.2,0.1,23.2,NA,NA,"tomates (148 g pour 100 g de tomato ketchup), vinaigre, sucre, sel, extraits d'épices et d'herbes (contiennent du céleri) épice.","openfoodfacts"
"00000087157635","Tomato Ketchup","Condiments,Sauces,Tomato sauces,Ketchup,Groceries",427,1.2,0.1,23.2,"300342","mleg","tomates (148 g pour 100 g de tomato ketchup), vinaigre, sucre, sel, extraits d'épices et d'herbes (contiennent du _céleri_), épice.","openfoodfacts"
"00000087177756","7Up","Plant-based foods and beverages,Beverages,Plant-based beverages,Carbonated drinks,Fruit-based beverages,Sodas,Fruit sodas,Lemon soft drinks,Sweetened beverages",177,0,0,10.4,"33","cl","eau gazéifiée, sucre, acidifiants (acide citrique, acide malique), arômes (extraits naturels de citron et de citron vert), correcteur d'acidité (citrate de sodium)","openfoodfacts"
"00000000000915","Miel de Pays (Fleurs)","Breakfasts,Spreads,Sweet spreads,Bee products,Farming products,Sweeteners,Honeys,Flower honeys",NA,NA,NA,NA,"250","g",NA,"openfoodfacts"
"00000093718738","Horseradish cream",NA,NA,NA,NA,NA,"175","g","water, horseradish, mustard seed, sugar, vegetable oil, salt, food acid, whey protein, butter, modified corn starch, xanthan gum, sodium metabisulphite, color (paprika oleoresin)","openfoodfacts"
"00000100292688","Air Minuman",NA,NA,NA,NA,NA,"1500","ml",NA,"openfoodfacts"
"00000000001002","Confiture de gratte-cul",NA,NA,NA,NA,NA,"360","g",NA,"openfoodfacts"
"00000000001003","Miel d'acacia","Breakfasts,Spreads,Sweet spreads,Bee products,Farming products,Sweeteners,Honeys,Acacia honeys",NA,NA,NA,NA,"1","kg",NA,"openfoodfacts"
"00000101209159","Véritable pâte à tartiner noisettes chocolat noir","Breakfasts,Spreads,Sweet spreads,fr:Pâtes à tartiner,Hazelnut spreads,Chocolate spreads,Cocoa and hazelnuts spreads",2582,8,48,36,"350","g",NA,"openfoodfacts"
"00000000001038","Rillettes de truite de Bordeaux au citron confit",NA,715,12,12,3.5,"90","g",NA,"openfoodfacts"
"00000105200923","Lagg's, kidneytea, herbal tea","Plant-based foods and beverages,Beverages,Hot beverages,Plant-based beverages,Teas,Tea bags",0,0,0,3.33,NA,NA,"shave grass, corn silk, uva ursi, juliana adstringen, boldo, hibiscus flowers, orange blossom.","openfoodfacts"
"00000105200961","Lagg's, bronchtea","Plant-based foods and beverages,Beverages,Hot beverages,Plant-based beverages,Teas,Tea bags",0,0,0,100,NA,NA,"eucalyptus licorice ginger elder mullein cinnamon orange blossom.","openfoodfacts"
"00000000001053","Miel de Garrigues",NA,NA,NA,NA,NA,"250","g",NA,"openfoodfacts"
"00000105753078","Bread","Plant-based foods and beverages,Plant-based foods,Cereals and potatoes,Breads",NA,NA,NA,NA,NA,NA,"water, white flour, honey, corn syrup, yeast, salt, cheddar, and garlic.","openfoodfacts"
"00000111048403","100% Pure Canola Oil","Plant-based foods and beverages,Plant-based foods,Fats,Vegetable fats,Vegetable oils",3586,0,100,0,NA,NA,"100% canola oil no additives or preservatives","openfoodfacts"
"00000111301201","Original Buttery Spread","Fats",2690,0,71.43,0,NA,NA,"canola oil, water, palm oil, palm kernel oil, contains less than 2% of salt, whey powder (milk), vegetable mono & diglycerides, soy lecithin (soy), potassium sorbate (a preservative), citric acid, natural & artificial flavors, di-alpha-tocopherol acetate (vitamin e), vitamin a palmitate, beta carotene (color), vitamin d3. contains milk & soy.","openfoodfacts"
"00000111301263","Canola harvest, buttery spread, with flaxseed oil","Fats",2389,0,57.14,0,NA,NA,"canola oil, water, palm oil, flax oil, palm kernel oil, whey powder (milk), salt, vegetable mono and diglycerides, soybean lecithin, potassium sorbate (preservative), citric acid, artificial flavor, vitamin e (dl-alpha-tocopherol acetate), calcium disodium edta (to preserve freshness), vitamin a palmitate, beta-carotene, vitamin d3.","openfoodfacts"
"00000000001113","Pâté de sanglier supérieur truffé à 4 %","Plant-based foods and beverages,Plant-based foods,Spreads,Nuts and their products,Plant-based spreads,Oilseed purees,Nut butters,Almond butters",2746,21.875,53.125,18.75,"170","g",NA,"openfoodfacts"
"00000112301878",NA,NA,109,NA,NA,NA,NA,NA,"eau, légumes 27 % (carotte, navet, poireau, pomme de terre, chou vert, céleri, oignon), viande de bœuf cuite 2,2 %, amidon transformé de pomme de terre, sel, arômes (contient : lait, céleri), huile de colza, girofle en poudre, exhausteur de goût: glutamate de sodium, extraits naturels de thym, de laurier et de poivre. peut contenir des traces de blé et œuf .","openfoodfacts"
"00000112302619",NA,NA,84,0.6,0.4,3.1,NA,NA,"eau, légumes 15 % (oignon, carotte, pousses de bambou, céleri, poivron, poireau), vermicelles cuits 5 % (semoule de blé, blanc d’œuf), champignons noirs 2,4 %, amidon transformé de pomme de terre, arômes (contient céleri), sel, graisse de poule 'antioxydant: extrait de romarin), piment de cayenne, lait écrémé en poudre","openfoodfacts"
"00000120497216","Organix Kids mandarin & Apple",NA,NA,NA,NA,NA,"21","",NA,"openfoodfacts"
"00000123457934","<U+062E><U+0628><U+0632> <U+0634><U+0631><U+0627><U+0626><U+062D> <U+0627><U+0628><U+064A><U+0636> <U+0645><U+062A><U+0648><U+0633><U+0637>","ar:<U+062E><U+0628><U+0632>",NA,NA,NA,NA,"600","<U+062C><U+0631><U+0627><U+0645>",NA,"openfoodfacts"
"00000000001239",NA,"Prawn-sandwich",NA,NA,NA,NA,"200","g",NA,"openfoodfacts"
"00000127534563","German fine bread","Plant-based foods and beverages,Plant-based foods,Cereals and potatoes,Breads",1100,7.02,3.51,52.63,NA,NA,"rye flour, water, whole wheat flour, bran flour, malt, molasses, rye meal, caraway seeds, salt, yeast.","openfoodfacts"
"00000127534570",NA,NA,NA,NA,NA,NA,"22","oz",NA,"openfoodfacts"
"00000127534587","Today's temptations, lithuanian rye bread","Plant-based foods and beverages,Plant-based foods,Cereals and potatoes,Breads",954,5.26,2.63,47.37,NA,NA,"rye flour, water, wheat, flour, malt, molasses, sugar, onion, yeast, caraway seeds, salt.","openfoodfacts"
"00000130008136","Escalope de dinde","Meats and their products,Meats,Poultries,Turkey and its products,Turkeys,Turkey cutlets",NA,NA,NA,NA,"300","g",NA,"openfoodfacts"
"00000000001328","Harvest whole wheat bread","Plant-based foods and beverages,Plant-based foods,Snacks,Cereals and potatoes,Sweet snacks,Breads,Viennoiseries,White breads,Chouquettes",973,11.627906976744,4.6511627906977,41.860465116279,NA,NA,"whole wheat flour, water, wheat gluten, honey, yeast, expeller pressed canola oil, wheat bran, contains less than 2% of cultured whole wheat flour with vinegar (for freshness), salt, soy lecithin (an emulsifier), wheat starch, distilled white vinegar, ascorbic acid, enzymes. contains: wheat, soy.","openfoodfacts"
"00000137007224","Croissant pure beurre X2","Snacks,Sweet snacks,Viennoiseries,Croissants,Butter croissants",1795,9.7,23.9,42.5,"100","g","farine de ble, eau, beurre (lait) 22%, sucre, levure, gluten de ble, sel, œuf, agent de traitement de la farine: acide ascorbique, enzymes, poudre de crème (lait), levain d'epeautre, farine de ble malté, malt d orge.","openfoodfacts"
"00000000001373","Spring onion","Plant-based foods and beverages,Plant-based foods,Condiments,Fruits and vegetables based foods,Culinary plants,Vegetables based foods,Aromatic plants,Fresh foods,Aromatic herbs,Fresh plant-based foods,Onions and their products,Fresh vegetables,Groceries",NA,NA,NA,NA,"6","","spring onions","openfoodfacts"
"00000140323687","Madeleine Framboise","Snacks,Sweet snacks,Biscuits and cakes,Cakes,Madeleines",NA,NA,NA,NA,"110","g",NA,"openfoodfacts"
"00000000001427",NA,NA,NA,NA,NA,NA,"500","g",NA,"openfoodfacts"
